--INSERTED TABLE SICOP_META

INSERT SICOP_META VALUES('0034','ACTIVIDADES ADMINISTRATIVAS')
INSERT SICOP_META VALUES('0062','ACTIVIDADES ADMINISTRATIVAS 62')
INSERT SICOP_META VALUES('0063','ACTIVIDADES ADMINISTRATIVAS 63') 

--INSERTED TABLE SICOP_ESPECIFICADEGASTO 
INSERT SICOP_ESPECIFICADEGASTO VALUES('52.1.11.12','Name')
INSERT SICOP_ESPECIFICADEGASTO VALUES('52.1.11.13','Name')
INSERT SICOP_ESPECIFICADEGASTO VALUES('52.1.11.21','Name')
INSERT SICOP_ESPECIFICADEGASTO VALUES('52.1.19.12','Name')
INSERT SICOP_ESPECIFICADEGASTO VALUES('52.1.19.13','Name')
INSERT SICOP_ESPECIFICADEGASTO VALUES('52.1.21.11','Name')
INSERT SICOP_ESPECIFICADEGASTO VALUES('52.1.31.15','Name')
INSERT SICOP_ESPECIFICADEGASTO VALUES('52.3.11.11','Name')
INSERT SICOP_ESPECIFICADEGASTO VALUES('52.3.12.11','Name')
INSERT SICOP_ESPECIFICADEGASTO VALUES('52.3.12.13','Name') 

--INSERTED TABLE SICOP_DOCUMENTO 
INSERT SICOP_DOCUMENTO VALUES('CAS')
INSERT SICOP_DOCUMENTO VALUES('PRAC')
INSERT SICOP_DOCUMENTO VALUES('O/C')

--INSERTED TABLE SICOP_META_ESPECIFICADEGASTO 
INSERT SICOP_META_ESPECIFICADEGASTO  VALUES('0034','52.1.11.12',57460)
INSERT SICOP_META_ESPECIFICADEGASTO  VALUES('0034','52.1.11.13',13406)
INSERT SICOP_META_ESPECIFICADEGASTO  VALUES('0034','52.1.11.21',146940)
INSERT SICOP_META_ESPECIFICADEGASTO  VALUES('0034','52.1.19.12',4200)
INSERT SICOP_META_ESPECIFICADEGASTO  VALUES('0034','52.1.19.13',2800)
INSERT SICOP_META_ESPECIFICADEGASTO  VALUES('0034','52.1.21.11',2800)
INSERT SICOP_META_ESPECIFICADEGASTO  VALUES('0034','52.1.31.15',6467)
INSERT SICOP_META_ESPECIFICADEGASTO  VALUES('0034','52.3.11.11',1993)
INSERT SICOP_META_ESPECIFICADEGASTO  VALUES('0034','52.3.12.11',103)
INSERT SICOP_META_ESPECIFICADEGASTO  VALUES('0034','52.3.12.13',94) 

INSERT SICOP_META_ESPECIFICADEGASTO  VALUES('0062','52.1.11.12',60941)
INSERT SICOP_META_ESPECIFICADEGASTO  VALUES('0062','52.1.11.21',122520)
INSERT SICOP_META_ESPECIFICADEGASTO  VALUES('0062','52.1.19.12',3600)
INSERT SICOP_META_ESPECIFICADEGASTO  VALUES('0062','52.1.19.13',2400)
INSERT SICOP_META_ESPECIFICADEGASTO  VALUES('0062','52.1.21.11',2400)
INSERT SICOP_META_ESPECIFICADEGASTO  VALUES('0062','52.1.31.15',5526)
INSERT SICOP_META_ESPECIFICADEGASTO  VALUES('0062','52.3.11.11',2136)
INSERT SICOP_META_ESPECIFICADEGASTO  VALUES('0062','52.3.12.11',498)


--INSERTED TABLE SICOP_CONTROLPRESUPUESTAL


INSERT SICOP_CONTROLPRESUPUESTAL  VALUES('52.1.11.13','1','PLLA3','21-04-2015','4611','4611','19-05-2015','21-05-2015','Telefonica','Telefonia Fija')
INSERT SICOP_CONTROLPRESUPUESTAL  VALUES('52.1.11.21','1','PLLA3','21-04-2015','4615','4615','19-05-2015','21-05-2015','Vilca Gonzales Patty Anita','Decoracion refrigerios')
INSERT SICOP_CONTROLPRESUPUESTAL  VALUES('52.1.19.12','1','PLLA3','21-04-2015','4965','4965','19-05-2015','21-05-2015','Nina Cruz Yuli Vicencia','Banderolas')
INSERT SICOP_CONTROLPRESUPUESTAL  VALUES('52.1.11.12','1','PLLA3','21-01-2015','4965','4965','19-05-2015','21-05-2015','Nina Cruz Yuli Vicencia','Banderolas')
INSERT SICOP_CONTROLPRESUPUESTAL  VALUES('52.1.11.12','1','PLLA3','21-02-2015','4965','4965','19-05-2015','21-05-2015','Nina Cruz Yuli Vicencia','Banderolas')
INSERT SICOP_CONTROLPRESUPUESTAL  VALUES('52.1.11.12','1','PLLA3','21-03-2015','4965','4965','19-05-2015','21-05-2015','Nina Cruz Yuli Vicencia','Banderolas')
INSERT SICOP_CONTROLPRESUPUESTAL  VALUES('52.1.11.12','1','PLLA3','21-05-2015','4965','4965','19-05-2015','21-05-2015','Nina Cruz Yuli Vicencia','Banderolas')
INSERT SICOP_CONTROLPRESUPUESTAL  VALUES('52.1.11.12','1','PLLA3','21-04-2015','4794','4479','19-05-2015','21-05-2015','Eva Graciela Soto Mayor Ninaja','Practicante')
INSERT SICOP_CONTROLPRESUPUESTAL  VALUES('52.1.11.12','1','PLLA3','21-04-2015','4794','4479','19-05-2015','21-05-2015','Eva Graciela Soto Mayor Ninaja','Practicante')
--INSERTED TABLE SICOP_DETALLECONTROLPRESUPUESTAL

INSERT SICOP_DETALLECONTROLPRESUPUESTAL  VALUES('1','52.1.11.12','0034',180)
INSERT SICOP_DETALLECONTROLPRESUPUESTAL  VALUES('1','52.1.11.12','0062',220)
INSERT SICOP_DETALLECONTROLPRESUPUESTAL  VALUES('1','52.1.11.12','0063',0)

INSERT SICOP_DETALLECONTROLPRESUPUESTAL  VALUES('2','52.1.11.13','0034',100)
INSERT SICOP_DETALLECONTROLPRESUPUESTAL  VALUES('2','52.1.11.13','0062',200)
INSERT SICOP_DETALLECONTROLPRESUPUESTAL  VALUES('2','52.1.11.13','0063',0)

INSERT SICOP_DETALLECONTROLPRESUPUESTAL  VALUES('3','52.1.11.21','0034',0)
INSERT SICOP_DETALLECONTROLPRESUPUESTAL  VALUES('3','52.1.11.21','0062',235)
INSERT SICOP_DETALLECONTROLPRESUPUESTAL  VALUES('3','52.1.11.21','0063',0)

INSERT SICOP_DETALLECONTROLPRESUPUESTAL  VALUES('4','52.1.11.12','0034',500)
INSERT SICOP_DETALLECONTROLPRESUPUESTAL  VALUES('4','52.1.11.12','0062',235)
INSERT SICOP_DETALLECONTROLPRESUPUESTAL  VALUES('4','52.1.11.12','0063',25)

INSERT SICOP_DETALLECONTROLPRESUPUESTAL  VALUES('5','52.1.11.12','0034',180)
INSERT SICOP_DETALLECONTROLPRESUPUESTAL  VALUES('5','52.1.11.12','0062',220)
INSERT SICOP_DETALLECONTROLPRESUPUESTAL  VALUES('5','52.1.11.12','0063',0)
INSERT SICOP_DETALLECONTROLPRESUPUESTAL  VALUES('6','52.1.11.12','0034',180)
INSERT SICOP_DETALLECONTROLPRESUPUESTAL  VALUES('6','52.1.11.12','0062',220)
INSERT SICOP_DETALLECONTROLPRESUPUESTAL  VALUES('6','52.1.11.12','0063',0)

INSERT SICOP_DETALLECONTROLPRESUPUESTAL  VALUES('7','52.1.11.12','0034',180)
INSERT SICOP_DETALLECONTROLPRESUPUESTAL  VALUES('7','52.1.11.12','0062',220)
INSERT SICOP_DETALLECONTROLPRESUPUESTAL  VALUES('7','52.1.11.12','0063',0)

INSERT SICOP_DETALLECONTROLPRESUPUESTAL  VALUES('8','52.1.11.12','0034',180)
INSERT SICOP_DETALLECONTROLPRESUPUESTAL  VALUES('8','52.1.11.12','0062',220)
INSERT SICOP_DETALLECONTROLPRESUPUESTAL  VALUES('8','52.1.11.12','0063',0)

INSERT SICOP_DETALLECONTROLPRESUPUESTAL  VALUES('9','52.1.11.12','0034',180)
INSERT SICOP_DETALLECONTROLPRESUPUESTAL  VALUES('9','52.1.11.12','0062',220)
INSERT SICOP_DETALLECONTROLPRESUPUESTAL  VALUES('9','52.1.11.12','0063',0)






